Q0_Similar_List:[0, 313, 314]
Q100_Similar_List:[100, 218, 454]
Q101_Similar_List:[101, 119, 546]
Q102_Similar_List:[102, 543, 369]
Q103_Similar_List:[103, 295, 558]
Q104_Similar_List:[104, 106, 451]
Q105_Similar_List:[105, 80, 163]
Q106_Similar_List:[106, 618, 410]
Q107_Similar_List:[107, 651, 75]
Q108_Similar_List:[108, 488, 41]
Q109_Similar_List:[109, 131, 413]
Q10_Similar_List:[10, 11, 396]
Q110_Similar_List:[110, 207, 587]
Q111_Similar_List:[111, 148, 560]
Q112_Similar_List:[112, 65, 211]
Q113_Similar_List:[113, 553, 182]
Q114_Similar_List:[114, 520, 96]
Q115_Similar_List:[115, 179, 276]
Q116_Similar_List:[116, 233, 29]
Q117_Similar_List:[117, 476, 44]
Q118_Similar_List:[118, 406, 251]
Q119_Similar_List:[119, 101, 546]
Q11_Similar_List:[10, 11, 396]
Q120_Similar_List:[120, 498, 528]
Q121_Similar_List:[121, 85, 244]
Q122_Similar_List:[122, 44, 108]
Q123_Similar_List:[123, 633, 454]
Q124_Similar_List:[124, 81, 317]
Q125_Similar_List:[125, 41, 220]
Q126_Similar_List:[126, 156, 252]
Q127_Similar_List:[127, 80, 105]
Q128_Similar_List:[128, 375, 554]
Q129_Similar_List:[129, 488, 177]
Q12_Similar_List:[12, 141, 302]
Q130_Similar_List:[130, 146, 578]
Q131_Similar_List:[131, 109, 413]
Q132_Similar_List:[132, 539, 567]
Q133_Similar_List:[133, 74, 474]
Q134_Similar_List:[134, 219, 139]
Q135_Similar_List:[135, 320, 202]
Q136_Similar_List:[136, 154, 139]
Q137_Similar_List:[137, 283, 25]
Q138_Similar_List:[138, 3, 515]
Q139_Similar_List:[139, 154, 167]
Q13_Similar_List:[13, 230, 484]
Q140_Similar_List:[140, 84, 107]
Q141_Similar_List:[141, 12, 473]
Q142_Similar_List:[142, 164, 384]
Q143_Similar_List:[143, 386, 17]
Q144_Similar_List:[144, 612, 613]
Q145_Similar_List:[145, 311, 273]
Q146_Similar_List:[146, 246, 529]
Q147_Similar_List:[147, 522, 375]
Q148_Similar_List:[148, 111, 143]
Q149_Similar_List:[149, 245, 309]
Q14_Similar_List:[14, 473, 247]
Q150_Similar_List:[150, 79, 201]
Q151_Similar_List:[151, 152, 212]
Q152_Similar_List:[151, 152, 212]
Q153_Similar_List:[153, 39, 234]
Q154_Similar_List:[154, 86, 98]
Q155_Similar_List:[155, 230, 175]
Q156_Similar_List:[156, 126, 252]
Q157_Similar_List:[157, 83, 376]
Q158_Similar_List:[158, 60, 635]
Q159_Similar_List:[159, 143, 0]
Q15_Similar_List:[15, 560, 97]
Q160_Similar_List:[160, 73, 206]
Q161_Similar_List:[161, 285, 483]
Q162_Similar_List:[162, 553, 519]
Q163_Similar_List:[163, 80, 105]
Q164_Similar_List:[164, 305, 177]
Q165_Similar_List:[165, 463, 464]
Q166_Similar_List:[166, 551, 206]
Q167_Similar_List:[167, 139, 154]
Q168_Similar_List:[168, 519, 553]
Q169_Similar_List:[169, 94, 283]
Q16_Similar_List:[16, 6, 266]
Q170_Similar_List:[170, 182, 40]
Q171_Similar_List:[171, 172, 24]
Q172_Similar_List:[171, 172, 24]
Q173_Similar_List:[173, 12, 141]
Q174_Similar_List:[174, 206, 274]
Q175_Similar_List:[175, 516, 587]
Q176_Similar_List:[176, 528, 489]
Q177_Similar_List:[177, 163, 305]
Q178_Similar_List:[178, 232, 275]
Q179_Similar_List:[179, 473, 247]
Q17_Similar_List:[17, 330, 161]
Q180_Similar_List:[180, 88, 473]
Q181_Similar_List:[181, 229, 101]
Q182_Similar_List:[182, 170, 40]
Q183_Similar_List:[183, 23, 30]
Q184_Similar_List:[184, 17, 337]
Q185_Similar_List:[185, 88, 14]
Q186_Similar_List:[186, 187, 0]
Q187_Similar_List:[186, 187, 163]
Q188_Similar_List:[188, 4, 281]
Q189_Similar_List:[189, 190, 0]
Q18_Similar_List:[18, 308, 232]
Q190_Similar_List:[189, 190, 163]
Q191_Similar_List:[191, 106, 236]
Q192_Similar_List:[192, 223, 244]
Q193_Similar_List:[193, 95, 413]
Q194_Similar_List:[194, 473, 575]
Q195_Similar_List:[195, 357, 365]
Q196_Similar_List:[196, 491, 137]
Q197_Similar_List:[197, 184, 17]
Q198_Similar_List:[198, 6, 16]
Q199_Similar_List:[199, 398, 452]
Q19_Similar_List:[19, 230, 587]
Q1_Similar_List:[1, 2, 335]
Q200_Similar_List:[200, 185, 346]
Q201_Similar_List:[201, 129, 389]
Q202_Similar_List:[202, 22, 320]
Q203_Similar_List:[203, 65, 36]
Q204_Similar_List:[204, 13, 354]
Q205_Similar_List:[205, 588, 441]
Q206_Similar_List:[206, 174, 274]
Q207_Similar_List:[207, 110, 587]
Q208_Similar_List:[208, 549, 62]
Q209_Similar_List:[209, 220, 561]
Q20_Similar_List:[20, 443, 57]
Q210_Similar_List:[210, 285, 391]
Q211_Similar_List:[211, 65, 259]
Q212_Similar_List:[212, 213, 488]
Q213_Similar_List:[212, 213, 488]
Q214_Similar_List:[214, 41, 220]
Q215_Similar_List:[215, 256, 137]
Q216_Similar_List:[216, 274, 453]
Q217_Similar_List:[217, 103, 14]
Q218_Similar_List:[218, 41, 220]
Q219_Similar_List:[219, 52, 134]
Q21_Similar_List:[21, 93, 248]
Q220_Similar_List:[220, 41, 561]
Q221_Similar_List:[221, 154, 98]
Q222_Similar_List:[222, 250, 256]
Q223_Similar_List:[223, 192, 244]
Q224_Similar_List:[224, 128, 496]
Q225_Similar_List:[225, 226, 0]
Q226_Similar_List:[225, 226, 0]
Q227_Similar_List:[227, 0, 326]
Q228_Similar_List:[228, 3, 515]
Q229_Similar_List:[229, 181, 626]
Q22_Similar_List:[22, 553, 355]
Q230_Similar_List:[230, 319, 484]
Q231_Similar_List:[231, 273, 145]
Q232_Similar_List:[232, 178, 275]
Q233_Similar_List:[233, 116, 42]
Q234_Similar_List:[234, 101, 119]
Q235_Similar_List:[235, 237, 29]
Q236_Similar_List:[236, 244, 632]
Q237_Similar_List:[237, 235, 633]
Q238_Similar_List:[238, 194, 491]
Q239_Similar_List:[239, 240, 264]
Q23_Similar_List:[23, 183, 385]
Q240_Similar_List:[239, 240, 264]
Q241_Similar_List:[241, 268, 52]
Q242_Similar_List:[242, 137, 283]
Q243_Similar_List:[243, 626, 204]
Q244_Similar_List:[244, 632, 539]
Q245_Similar_List:[245, 608, 343]
Q246_Similar_List:[246, 146, 529]
Q247_Similar_List:[247, 473, 14]
Q248_Similar_List:[248, 93, 21]
Q249_Similar_List:[249, 66, 22]
Q24_Similar_List:[24, 262, 263]
Q250_Similar_List:[250, 222, 256]
Q251_Similar_List:[251, 39, 592]
Q252_Similar_List:[252, 156, 126]
Q253_Similar_List:[253, 606, 282]
Q254_Similar_List:[254, 255, 163]
Q255_Similar_List:[254, 255, 0]
Q256_Similar_List:[256, 222, 539]
Q257_Similar_List:[257, 79, 81]
Q258_Similar_List:[258, 328, 60]
Q259_Similar_List:[259, 211, 443]
Q25_Similar_List:[25, 137, 283]
Q260_Similar_List:[260, 563, 588]
Q261_Similar_List:[261, 141, 179]
Q262_Similar_List:[262, 263, 24]
Q263_Similar_List:[262, 263, 24]
Q264_Similar_List:[264, 218, 41]
Q265_Similar_List:[265, 453, 408]
Q266_Similar_List:[266, 6, 16]
Q267_Similar_List:[267, 295, 14]
Q268_Similar_List:[268, 52, 241]
Q269_Similar_List:[269, 270, 530]
Q26_Similar_List:[26, 221, 278]
Q270_Similar_List:[269, 270, 530]
Q271_Similar_List:[271, 539, 567]
Q272_Similar_List:[272, 425, 295]
Q273_Similar_List:[273, 231, 145]
Q274_Similar_List:[274, 206, 174]
Q275_Similar_List:[275, 232, 178]
Q276_Similar_List:[276, 89, 93]
Q277_Similar_List:[277, 454, 532]
Q278_Similar_List:[278, 283, 571]
Q279_Similar_List:[279, 194, 28]
Q27_Similar_List:[27, 218, 458]
Q280_Similar_List:[280, 597, 336]
Q281_Similar_List:[281, 188, 630]
Q282_Similar_List:[282, 432, 335]
Q283_Similar_List:[283, 137, 25]
Q284_Similar_List:[284, 487, 637]
Q285_Similar_List:[285, 391, 161]
Q286_Similar_List:[286, 287, 432]
Q287_Similar_List:[286, 287, 432]
Q288_Similar_List:[288, 244, 632]
Q289_Similar_List:[289, 568, 539]
Q28_Similar_List:[28, 279, 325]
Q290_Similar_List:[290, 410, 289]
Q291_Similar_List:[291, 82, 560]
Q292_Similar_List:[292, 498, 369]
Q293_Similar_List:[293, 41, 220]
Q294_Similar_List:[294, 516, 14]
Q295_Similar_List:[295, 103, 14]
Q296_Similar_List:[296, 577, 330]
Q297_Similar_List:[297, 449, 331]
Q298_Similar_List:[298, 302, 629]
Q299_Similar_List:[299, 292, 535]
Q29_Similar_List:[29, 57, 116]
Q2_Similar_List:[1, 2, 335]
Q300_Similar_List:[300, 36, 24]
Q301_Similar_List:[301, 106, 599]
Q302_Similar_List:[302, 319, 99]
Q303_Similar_List:[303, 36, 65]
Q304_Similar_List:[304, 194, 359]
Q305_Similar_List:[305, 177, 452]
Q306_Similar_List:[306, 176, 498]
Q307_Similar_List:[307, 142, 179]
Q308_Similar_List:[308, 18, 232]
Q309_Similar_List:[309, 528, 411]
Q30_Similar_List:[30, 9, 23]
Q310_Similar_List:[310, 39, 624]
Q311_Similar_List:[311, 145, 273]
Q312_Similar_List:[312, 38, 195]
Q313_Similar_List:[313, 314, 0]
Q314_Similar_List:[313, 314, 0]
Q315_Similar_List:[315, 244, 632]
Q316_Similar_List:[316, 256, 97]
Q317_Similar_List:[317, 124, 502]
Q318_Similar_List:[318, 99, 218]
Q319_Similar_List:[319, 244, 288]
Q31_Similar_List:[31, 32, 604]
Q320_Similar_List:[320, 135, 202]
Q321_Similar_List:[321, 560, 149]
Q322_Similar_List:[322, 16, 408]
Q323_Similar_List:[323, 560, 645]
Q324_Similar_List:[324, 268, 639]
Q325_Similar_List:[325, 28, 276]
Q326_Similar_List:[326, 327, 163]
Q327_Similar_List:[326, 327, 0]
Q328_Similar_List:[328, 67, 489]
Q329_Similar_List:[329, 369, 102]
Q32_Similar_List:[31, 32, 604]
Q330_Similar_List:[330, 17, 206]
Q331_Similar_List:[331, 328, 636]
Q332_Similar_List:[332, 453, 553]
Q333_Similar_List:[333, 65, 211]
Q334_Similar_List:[334, 137, 283]
Q335_Similar_List:[335, 1, 2]
Q336_Similar_List:[336, 597, 280]
Q337_Similar_List:[337, 136, 183]
Q338_Similar_List:[338, 539, 567]
Q339_Similar_List:[339, 371, 445]
Q33_Similar_List:[33, 0, 1]
Q340_Similar_List:[340, 0, 1]
Q341_Similar_List:[341, 442, 476]
Q342_Similar_List:[342, 295, 14]
Q343_Similar_List:[343, 84, 554]
Q344_Similar_List:[344, 396, 84]
Q345_Similar_List:[345, 460, 335]
Q346_Similar_List:[346, 348, 200]
Q347_Similar_List:[347, 349, 432]
Q348_Similar_List:[346, 348, 200]
Q349_Similar_List:[347, 349, 432]
Q34_Similar_List:[34, 35, 564]
Q350_Similar_List:[350, 351, 236]
Q351_Similar_List:[350, 351, 236]
Q352_Similar_List:[352, 646, 52]
Q353_Similar_List:[353, 568, 289]
Q354_Similar_List:[354, 365, 543]
Q355_Similar_List:[355, 80, 105]
Q356_Similar_List:[356, 7, 8]
Q357_Similar_List:[357, 195, 330]
Q358_Similar_List:[358, 45, 163]
Q359_Similar_List:[359, 587, 298]
Q35_Similar_List:[34, 35, 564]
Q360_Similar_List:[360, 480, 428]
Q361_Similar_List:[361, 324, 60]
Q362_Similar_List:[362, 83, 276]
Q363_Similar_List:[363, 3, 515]
Q364_Similar_List:[364, 177, 488]
Q365_Similar_List:[365, 354, 343]
Q366_Similar_List:[366, 97, 629]
Q367_Similar_List:[367, 381, 129]
Q368_Similar_List:[368, 380, 116]
Q369_Similar_List:[369, 543, 102]
Q36_Similar_List:[36, 65, 539]
Q370_Similar_List:[370, 173, 244]
Q371_Similar_List:[371, 216, 339]
Q372_Similar_List:[372, 97, 629]
Q373_Similar_List:[373, 363, 600]
Q374_Similar_List:[374, 206, 174]
Q375_Similar_List:[375, 128, 554]
Q376_Similar_List:[376, 377, 482]
Q377_Similar_List:[376, 377, 482]
Q378_Similar_List:[378, 381, 17]
Q379_Similar_List:[379, 525, 164]
Q37_Similar_List:[37, 530, 415]
Q380_Similar_List:[380, 1, 2]
Q381_Similar_List:[381, 129, 9]
Q382_Similar_List:[382, 77, 645]
Q383_Similar_List:[383, 179, 278]
Q384_Similar_List:[384, 648, 142]
Q385_Similar_List:[385, 154, 23]
Q386_Similar_List:[386, 453, 487]
Q387_Similar_List:[387, 496, 100]
Q388_Similar_List:[388, 137, 283]
Q389_Similar_List:[389, 390, 201]
Q38_Similar_List:[38, 539, 244]
Q390_Similar_List:[389, 390, 201]
Q391_Similar_List:[391, 285, 161]
Q392_Similar_List:[392, 424, 594]
Q393_Similar_List:[393, 223, 478]
Q394_Similar_List:[394, 261, 540]
Q395_Similar_List:[395, 84, 496]
Q396_Similar_List:[396, 99, 128]
Q397_Similar_List:[397, 308, 483]
Q398_Similar_List:[398, 199, 452]
Q399_Similar_List:[399, 560, 453]
Q39_Similar_List:[39, 478, 251]
Q3_Similar_List:[3, 515, 61]
Q400_Similar_List:[400, 506, 507]
Q401_Similar_List:[401, 599, 85]
Q402_Similar_List:[402, 484, 17]
Q403_Similar_List:[403, 3, 515]
Q404_Similar_List:[404, 232, 365]
Q405_Similar_List:[405, 298, 302]
Q406_Similar_List:[406, 612, 613]
Q407_Similar_List:[407, 44, 267]
Q408_Similar_List:[408, 612, 613]
Q409_Similar_List:[409, 163, 234]
Q40_Similar_List:[40, 182, 170]
Q410_Similar_List:[410, 244, 632]
Q411_Similar_List:[411, 476, 309]
Q412_Similar_List:[412, 502, 588]
Q413_Similar_List:[413, 109, 193]
Q414_Similar_List:[414, 100, 241]
Q415_Similar_List:[415, 36, 65]
Q416_Similar_List:[416, 47, 52]
Q417_Similar_List:[417, 338, 539]
Q418_Similar_List:[418, 0, 1]
Q419_Similar_List:[419, 551, 108]
Q41_Similar_List:[41, 220, 561]
Q420_Similar_List:[420, 441, 166]
Q421_Similar_List:[421, 422, 395]
Q422_Similar_List:[421, 422, 395]
Q423_Similar_List:[423, 154, 102]
Q424_Similar_List:[424, 534, 392]
Q425_Similar_List:[425, 230, 55]
Q426_Similar_List:[426, 587, 19]
Q427_Similar_List:[427, 198, 207]
Q428_Similar_List:[428, 488, 145]
Q429_Similar_List:[429, 166, 551]
Q42_Similar_List:[42, 233, 285]
Q430_Similar_List:[430, 196, 137]
Q431_Similar_List:[431, 310, 95]
Q432_Similar_List:[432, 282, 231]
Q433_Similar_List:[433, 0, 451]
Q434_Similar_List:[434, 435, 10]
Q435_Similar_List:[434, 435, 10]
Q436_Similar_List:[436, 291, 357]
Q437_Similar_List:[437, 126, 113]
Q438_Similar_List:[438, 60, 606]
Q439_Similar_List:[439, 267, 283]
Q43_Similar_List:[43, 608, 116]
Q440_Similar_List:[440, 0, 489]
Q441_Similar_List:[441, 420, 522]
Q442_Similar_List:[442, 637, 639]
Q443_Similar_List:[443, 57, 259]
Q444_Similar_List:[444, 539, 583]
Q445_Similar_List:[445, 533, 606]
Q446_Similar_List:[446, 447, 281]
Q447_Similar_List:[446, 447, 609]
Q448_Similar_List:[448, 457, 364]
Q449_Similar_List:[449, 23, 324]
Q44_Similar_List:[44, 295, 14]
Q450_Similar_List:[450, 438, 27]
Q451_Similar_List:[451, 244, 632]
Q452_Similar_List:[452, 199, 398]
Q453_Similar_List:[453, 274, 386]
Q454_Similar_List:[454, 539, 532]
Q455_Similar_List:[455, 93, 21]
Q456_Similar_List:[456, 523, 505]
Q457_Similar_List:[457, 364, 100]
Q458_Similar_List:[458, 27, 100]
Q459_Similar_List:[459, 309, 528]
Q45_Similar_List:[45, 209, 55]
Q460_Similar_List:[345, 460, 335]
Q461_Similar_List:[461, 3, 515]
Q462_Similar_List:[462, 355, 523]
Q463_Similar_List:[463, 464, 5]
Q464_Similar_List:[463, 464, 5]
Q465_Similar_List:[465, 218, 12]
Q466_Similar_List:[466, 467, 0]
Q467_Similar_List:[466, 467, 163]
Q468_Similar_List:[468, 559, 193]
Q469_Similar_List:[469, 98, 221]
Q46_Similar_List:[46, 519, 553]
Q470_Similar_List:[470, 471, 506]
Q471_Similar_List:[470, 471, 506]
Q472_Similar_List:[472, 617, 586]
Q473_Similar_List:[473, 247, 14]
Q474_Similar_List:[474, 635, 31]
Q475_Similar_List:[475, 522, 551]
Q476_Similar_List:[476, 411, 84]
Q477_Similar_List:[477, 0, 68]
Q478_Similar_List:[478, 39, 232]
Q479_Similar_List:[479, 458, 196]
Q47_Similar_List:[47, 181, 400]
Q480_Similar_List:[480, 360, 391]
Q481_Similar_List:[481, 497, 589]
Q482_Similar_List:[482, 376, 377]
Q483_Similar_List:[483, 161, 90]
Q484_Similar_List:[484, 230, 19]
Q485_Similar_List:[485, 84, 343]
Q486_Similar_List:[486, 36, 65]
Q487_Similar_List:[487, 284, 528]
Q488_Similar_List:[488, 101, 119]
Q489_Similar_List:[489, 639, 528]
Q48_Similar_List:[48, 49, 532]
Q490_Similar_List:[490, 606, 224]
Q491_Similar_List:[491, 137, 283]
Q492_Similar_List:[492, 493, 488]
Q493_Similar_List:[492, 493, 488]
Q494_Similar_List:[494, 3, 515]
Q495_Similar_List:[495, 531, 376]
Q496_Similar_List:[496, 497, 539]
Q497_Similar_List:[497, 496, 36]
Q498_Similar_List:[498, 292, 120]
Q499_Similar_List:[499, 500, 1]
Q49_Similar_List:[48, 49, 532]
Q4_Similar_List:[4, 188, 3]
Q500_Similar_List:[499, 500, 1]
Q501_Similar_List:[501, 223, 192]
Q502_Similar_List:[502, 202, 317]
Q503_Similar_List:[503, 50, 528]
Q504_Similar_List:[504, 539, 567]
Q505_Similar_List:[505, 99, 396]
Q506_Similar_List:[506, 507, 438]
Q507_Similar_List:[506, 507, 438]
Q508_Similar_List:[508, 509, 525]
Q509_Similar_List:[508, 509, 525]
Q50_Similar_List:[50, 139, 593]
Q510_Similar_List:[510, 19, 13]
Q511_Similar_List:[511, 3, 515]
Q512_Similar_List:[512, 600, 109]
Q513_Similar_List:[513, 44, 143]
Q514_Similar_List:[514, 543, 102]
Q515_Similar_List:[515, 3, 61]
Q516_Similar_List:[516, 175, 294]
Q517_Similar_List:[517, 551, 481]
Q518_Similar_List:[518, 445, 533]
Q519_Similar_List:[519, 553, 168]
Q51_Similar_List:[51, 520, 167]
Q520_Similar_List:[520, 95, 51]
Q521_Similar_List:[521, 108, 481]
Q522_Similar_List:[522, 475, 438]
Q523_Similar_List:[523, 355, 640]
Q524_Similar_List:[524, 251, 478]
Q525_Similar_List:[525, 379, 164]
Q526_Similar_List:[526, 527, 177]
Q527_Similar_List:[526, 527, 488]
Q528_Similar_List:[528, 176, 489]
Q529_Similar_List:[529, 246, 146]
Q52_Similar_List:[52, 219, 268]
Q530_Similar_List:[530, 244, 632]
Q531_Similar_List:[531, 488, 492]
Q532_Similar_List:[532, 539, 454]
Q533_Similar_List:[533, 445, 606]
Q534_Similar_List:[534, 424, 290]
Q535_Similar_List:[535, 324, 386]
Q536_Similar_List:[536, 537, 587]
Q537_Similar_List:[536, 537, 587]
Q538_Similar_List:[538, 136, 425]
Q539_Similar_List:[539, 244, 632]
Q53_Similar_List:[53, 54, 0]
Q540_Similar_List:[540, 196, 629]
Q541_Similar_List:[541, 462, 13]
Q542_Similar_List:[542, 236, 75]
Q543_Similar_List:[543, 369, 102]
Q544_Similar_List:[544, 593, 50]
Q545_Similar_List:[545, 359, 587]
Q546_Similar_List:[546, 101, 119]
Q547_Similar_List:[547, 437, 585]
Q548_Similar_List:[548, 199, 398]
Q549_Similar_List:[549, 299, 324]
Q54_Similar_List:[53, 54, 163]
Q550_Similar_List:[550, 101, 119]
Q551_Similar_List:[551, 166, 438]
Q552_Similar_List:[552, 115, 283]
Q553_Similar_List:[553, 519, 22]
Q554_Similar_List:[554, 128, 375]
Q555_Similar_List:[555, 556, 0]
Q556_Similar_List:[555, 556, 0]
Q557_Similar_List:[557, 81, 539]
Q558_Similar_List:[558, 57, 244]
Q559_Similar_List:[559, 79, 592]
Q55_Similar_List:[55, 57, 319]
Q560_Similar_List:[560, 453, 323]
Q561_Similar_List:[561, 41, 220]
Q562_Similar_List:[562, 201, 551]
Q563_Similar_List:[563, 589, 245]
Q564_Similar_List:[564, 97, 34]
Q565_Similar_List:[565, 199, 398]
Q566_Similar_List:[566, 378, 543]
Q567_Similar_List:[567, 539, 642]
Q568_Similar_List:[568, 539, 289]
Q569_Similar_List:[569, 154, 136]
Q56_Similar_List:[56, 0, 1]
Q570_Similar_List:[570, 0, 1]
Q571_Similar_List:[571, 278, 473]
Q572_Similar_List:[572, 620, 136]
Q573_Similar_List:[573, 482, 524]
Q574_Similar_List:[574, 296, 330]
Q575_Similar_List:[575, 473, 247]
Q576_Similar_List:[576, 5, 169]
Q577_Similar_List:[577, 139, 86]
Q578_Similar_List:[578, 278, 571]
Q579_Similar_List:[579, 218, 264]
Q57_Similar_List:[57, 443, 29]
Q580_Similar_List:[580, 378, 463]
Q581_Similar_List:[581, 161, 145]
Q582_Similar_List:[582, 65, 273]
Q583_Similar_List:[583, 539, 244]
Q584_Similar_List:[584, 23, 614]
Q585_Similar_List:[585, 356, 488]
Q586_Similar_List:[586, 472, 379]
Q587_Similar_List:[587, 192, 426]
Q588_Similar_List:[588, 222, 260]
Q589_Similar_List:[589, 563, 606]
Q58_Similar_List:[58, 59, 0]
Q590_Similar_List:[590, 136, 67]
Q591_Similar_List:[591, 441, 450]
Q592_Similar_List:[592, 150, 559]
Q593_Similar_List:[593, 50, 154]
Q594_Similar_List:[594, 194, 88]
Q595_Similar_List:[595, 596, 0]
Q596_Similar_List:[595, 596, 0]
Q597_Similar_List:[597, 371, 280]
Q598_Similar_List:[598, 488, 212]
Q599_Similar_List:[599, 36, 65]
Q59_Similar_List:[58, 59, 163]
Q5_Similar_List:[5, 463, 464]
Q600_Similar_List:[600, 599, 512]
Q601_Similar_List:[601, 469, 216]
Q602_Similar_List:[602, 101, 119]
Q603_Similar_List:[603, 0, 1]
Q604_Similar_List:[604, 71, 599]
Q605_Similar_List:[605, 177, 260]
Q606_Similar_List:[606, 554, 438]
Q607_Similar_List:[607, 384, 367]
Q608_Similar_List:[608, 245, 43]
Q609_Similar_List:[609, 188, 180]
Q60_Similar_List:[60, 438, 324]
Q610_Similar_List:[610, 37, 237]
Q611_Similar_List:[611, 389, 390]
Q612_Similar_List:[612, 613, 627]
Q613_Similar_List:[612, 613, 627]
Q614_Similar_List:[614, 78, 100]
Q615_Similar_List:[615, 114, 376]
Q616_Similar_List:[616, 383, 224]
Q617_Similar_List:[617, 86, 154]
Q618_Similar_List:[618, 106, 222]
Q619_Similar_List:[619, 496, 221]
Q61_Similar_List:[61, 3, 515]
Q620_Similar_List:[620, 177, 572]
Q621_Similar_List:[621, 369, 543]
Q622_Similar_List:[622, 100, 231]
Q623_Similar_List:[623, 278, 571]
Q624_Similar_List:[624, 639, 67]
Q625_Similar_List:[625, 99, 491]
Q626_Similar_List:[626, 229, 176]
Q627_Similar_List:[627, 612, 613]
Q628_Similar_List:[628, 106, 599]
Q629_Similar_List:[629, 491, 283]
Q62_Similar_List:[62, 195, 365]
Q630_Similar_List:[630, 141, 473]
Q631_Similar_List:[631, 313, 314]
Q632_Similar_List:[632, 244, 539]
Q633_Similar_List:[633, 443, 57]
Q634_Similar_List:[634, 635, 92]
Q635_Similar_List:[635, 634, 488]
Q636_Similar_List:[636, 343, 60]
Q637_Similar_List:[637, 442, 284]
Q638_Similar_List:[638, 540, 320]
Q639_Similar_List:[639, 489, 324]
Q63_Similar_List:[63, 64, 376]
Q640_Similar_List:[640, 244, 632]
Q641_Similar_List:[641, 101, 119]
Q642_Similar_List:[642, 539, 567]
Q643_Similar_List:[643, 604, 650]
Q644_Similar_List:[644, 3, 515]
Q645_Similar_List:[645, 77, 453]
Q646_Similar_List:[646, 221, 86]
Q647_Similar_List:[647, 539, 244]
Q648_Similar_List:[648, 405, 384]
Q649_Similar_List:[649, 50, 134]
Q64_Similar_List:[63, 64, 376]
Q650_Similar_List:[650, 23, 78]
Q651_Similar_List:[651, 107, 343]
Q652_Similar_List:[652, 296, 208]
Q65_Similar_List:[65, 36, 539]
Q66_Similar_List:[66, 249, 22]
Q67_Similar_List:[67, 328, 489]
Q68_Similar_List:[68, 528, 176]
Q69_Similar_List:[69, 70, 402]
Q6_Similar_List:[6, 16, 266]
Q70_Similar_List:[69, 70, 402]
Q71_Similar_List:[71, 604, 406]
Q72_Similar_List:[72, 619, 651]
Q73_Similar_List:[73, 160, 206]
Q74_Similar_List:[74, 438, 145]
Q75_Similar_List:[75, 107, 651]
Q76_Similar_List:[76, 13, 182]
Q77_Similar_List:[77, 645, 382]
Q78_Similar_List:[78, 614, 145]
Q79_Similar_List:[79, 256, 81]
Q7_Similar_List:[7, 8, 338]
Q80_Similar_List:[80, 105, 163]
Q81_Similar_List:[81, 473, 557]
Q82_Similar_List:[82, 291, 560]
Q83_Similar_List:[83, 157, 108]
Q84_Similar_List:[84, 496, 497]
Q85_Similar_List:[85, 244, 632]
Q86_Similar_List:[86, 154, 98]
Q87_Similar_List:[87, 376, 377]
Q88_Similar_List:[88, 473, 247]
Q89_Similar_List:[89, 276, 94]
Q8_Similar_List:[7, 8, 338]
Q90_Similar_List:[90, 483, 161]
Q91_Similar_List:[91, 443, 539]
Q92_Similar_List:[92, 248, 425]
Q93_Similar_List:[93, 21, 248]
Q94_Similar_List:[94, 169, 89]
Q95_Similar_List:[95, 193, 520]
Q96_Similar_List:[96, 114, 313]
Q97_Similar_List:[97, 137, 283]
Q98_Similar_List:[98, 154, 86]
Q99_Similar_List:[99, 244, 283]
Q9_Similar_List:[9, 30, 381]
